NID,PID
1,395
2,396
3,397
4,398
5,399
6,400
7,401
8,402
9,403
10,404
11,405
12,406
13,407
14,408
15,409
16,410
17,411
18,412
19,413
20,414
21,415
22,416
23,417
24,418
25,419
26,420
27,421
28,448
29,449
30,450
31,451
32,452
33,453
34,454
35,455
36,456
37,457
38,458
39,459
40,460
41,461
42,462
43,463
44,464
45,465
46,466
47,467
48,468
49,469
50,470
51,471
52,495
53,496
54,497
55,498
56,499
57,500
58,501
59,502
60,503
61,504
62,505
63,506
64,507
65,508
66,509
67,510
68,511
69,512
70,513
71,514
72,515
73,516
74,517
75,518
76,542
77,543
78,544
79,545
80,546
81,547
82,548
83,549
84,550
85,551
86,552
87,553
88,554
89,555
90,556
91,557
92,558
93,559
94,560
95,561
96,562
97,563
98,564
99,565
100,566
101,591
102,592
103,593
104,594
105,595
106,596
107,597
108,598
109,599
110,600
111,601
112,602
113,603
114,604
115,605
116,606
117,607
118,608
119,609
120,610
121,611
122,612
123,613
124,614
125,615
126,640
127,641
128,642
129,643
130,644
131,645
132,646
133,647
134,648
135,649
136,650
137,651
138,652
139,653
140,654
141,655
142,656
143,657
144,658
145,659
146,660
147,661
148,662
149,663
150,664
151,665
152,691
153,692
154,693
155,694
156,695
157,696
158,697
159,698
160,699
161,700
162,701
163,702
164,703
165,704
166,705
167,706
168,707
169,708
170,709
171,710
172,730
173,731
174,732
175,733
176,734
177,735
178,736
179,737
180,738
181,739
182,740
183,741
184,742
185,743
186,744
187,745
188,746
189,747
190,748
191,749
192,750
193,751
194,752
195,753
196,754
197,755
198,781
199,782
200,783
201,784
202,785
203,786
204,787
205,788
206,789
207,790
208,791
209,792
210,793
211,794
212,795
213,796
214,797
215,798
216,799
217,800
218,801
219,802
220,803
221,804
222,828
223,829
224,830
225,831
226,832
227,833
228,834
229,835
230,836
231,837
232,838
233,839
234,840
235,841
236,842
237,843
238,844
239,845
240,846
241,847
242,848
243,849
244,850
245,851
246,852
247,853
248,879
249,880
250,881
251,882
252,883
253,884
254,885
255,886
256,887
257,888
258,889
259,890
260,891
261,892
262,893
263,894
264,895
265,896
266,897
267,898
268,899
269,900
270,901
271,902
272,926
273,927
274,928
275,929
276,930
277,931
278,932
279,933
280,934
281,935
282,936
283,937
284,938
285,939
286,940
287,941
288,942
289,943
290,944
291,945
292,946
293,947
294,948
295,949
296,950
297,951
298,952
299,979
300,980
301,981
302,982
303,983
304,984
305,985
306,986
307,987
308,988
309,989
310,990
311,991
312,992
313,993
314,994
315,995
316,996
317,997
318,998
319,999
320,1000
321,1001
322,1002
323,1003
324,1028
325,1029
326,1030
327,1031
328,1032
329,1033
330,1034
331,1035
332,1036
333,1037
334,1038
335,1039
336,1040
337,1041
338,1042
339,1043
340,1044
341,1045
342,1046
343,1047
344,1048
345,1049
346,1050
347,1051
348,1052
349,1077
350,1078
351,1079
352,1080
353,1081
354,1082
355,1083
356,1084
357,1085
358,1086
359,1087
360,1088
361,1089
362,1090
363,1091
364,1092
365,1093
366,1094
367,1095
368,1096
369,1097
370,1098
371,1099
372,1100
373,1101
374,1102
375,1103
376,1130
377,1131
378,1132
379,1133
380,1134
381,1135
382,1136
383,1137
384,1138
385,1139
386,1140
387,1141
388,1142
389,1143
390,1144
391,1145
392,1146
393,1147
394,1148
395,1149
396,1169
397,1170
398,1171
399,1172
400,1173
401,1174
402,1175
403,1176
404,1177
405,1178
406,1179
407,1180
408,1181
409,1182
410,1183
411,1184
412,1185
413,1186
414,1187
415,1188
416,1189
417,1190
418,1191
419,1192
420,1193
421,1194
422,1195
423,1222
424,1223
425,1224
426,1225
427,1226
428,1227
429,1228
430,1229
431,1230
432,1231
433,1232
434,1233
435,1234
436,1235
437,1236
438,1237
439,1238
440,1239
441,1240
442,1241
443,1242
444,1263
445,1264
446,1265
447,1266
448,1267
449,1268
450,1269
451,1270
452,1271
453,1272
454,1273
455,1274
456,1275
457,1276
458,1277
459,1278
460,1279
461,1280
462,1281
463,1282
464,1302
465,1303
466,1304
467,1305
468,1306
469,1307
470,1308
471,1309
472,1310
473,1311
474,1312
475,1313
476,1314
477,1315
478,1316
479,1317
480,1318
481,1319
482,1320
483,1321
484,1322
485,1323
486,1324
487,1325
488,1326
489,1327
490,1328
491,1355
492,1356
493,1357
494,1358
495,1359
496,1360
497,1361
498,1362
499,1363
500,1364
501,1365
502,1366
503,1367
504,1368
505,1369
506,1370
507,1371
508,1372
509,1373
510,1374
511,1375
512,1376
513,1377
514,1378
515,1402
516,1403
517,1404
518,1405
519,1406
520,1407
521,1408
522,1409
523,1410
524,1411
525,1412
526,1413
527,1414
528,1415
529,1416
530,1417
531,1418
532,1419
533,1420
534,1421
535,1422
536,1423
537,1424
538,1425
539,1449
540,1450
541,1451
542,1452
543,1453
544,1454
545,1455
546,1456
547,1457
548,1458
549,1459
550,1460
551,1461
552,1462
553,1463
554,1464
555,1465
556,1466
557,1467
558,1468
559,1488
560,1489
561,1490
562,1491
563,1492
564,1493
565,1494
566,1495
567,1496
568,1497
569,1498
570,1499
571,1500
572,1501
573,1502
574,1503
575,1504
576,1505
577,1506
578,1507
579,1508
580,1509
581,1510
582,1511
583,1512
584,1513
585,1539
586,1540
587,1541
588,1542
589,1543
590,1544
591,1545
592,1546
593,1547
594,1548
595,1549
596,1550
597,1551
598,1552
599,1553
600,1554
601,1555
602,1556
603,1557
604,1558
605,1559
606,1560
607,1561
608,1562
609,1586
610,1587
611,1588
612,1589
613,1590
614,1591
615,1592
616,1593
617,1594
618,1595
619,1596
620,1597
621,1598
622,1599
623,1600
624,1601
625,1602
626,1603
627,1604
628,1605
629,1606
630,1607
631,1608
632,1609
633,1633
634,1634
635,1635
636,1636
637,1637
638,1638
639,1639
640,1640
641,1641
642,1642
643,1643
644,1644
645,1645
646,1646
647,1647
648,1648
649,1649
650,1650
651,1651
652,1652
653,1653
654,1654
655,1655
656,1656
657,1657
658,1658
659,1659
660,1660
661,1661
662,1662
663,1663
664,1664
665,1665
666,1666
667,1667
668,1668
669,1669
670,1670
671,1671
672,1672
673,1673
674,1674
675,1675
676,1676
677,1677
678,1678
679,1679
680,1680
681,1681
682,1682
683,1683
684,1684
685,1685
686,1738
687,1739
688,1740
689,1741
690,1742
691,1743
692,1744
693,1745
694,1746
695,1747
696,1748
697,1749
698,1750
699,1751
700,1752
701,1753
702,1754
703,1755
704,1756
705,1757
706,1758
707,1759
708,1760
709,1761
710,1762
711,1763
712,1764
713,1765
714,1766
715,1767
716,1768
717,1769
718,1770
719,1771
720,1772
721,1773
722,1774
723,1775
724,1776
725,1777
726,1778
727,1779
728,1780
729,1781
730,1782
731,1783
732,1784
733,1785
734,1786
735,1787
736,1788
737,1789
738,1790
739,1843
740,1844
741,1845
742,1846
743,1847
744,1848
745,1849
746,1850
747,1851
748,1852
749,1853
750,1854
751,1855
752,1856
753,1857
754,1858
755,1859
756,1860
757,1861
758,1862
759,1863
760,1864
761,1865
762,1866
763,1867
764,1868
765,1869
766,1896
767,1897
768,1898
769,1899
770,1900
771,1901
772,1902
773,1903
774,1904
775,1905
776,1906
777,1907
778,1908
779,1909
780,1910
781,1911
782,1912
783,1913
784,1914
785,1915
786,1916
787,1917
788,1918
789,1919
790,1920
791,1921
792,1922
793,1923
794,1924
795,1925
796,1926
797,1927
798,1928
799,1929
800,1930
801,1931
802,1967
803,1968
804,1969
805,1970
806,1971
807,1972
808,1973
809,1974
810,1975
811,1976
812,1977
813,1978
814,1979
815,1980
816,1981
817,1982
818,1983
819,1984
820,1985
821,1986
822,1987
823,1988
824,1989
825,1990
826,1991
827,1992
828,1993
829,1994
830,1995
831,1996
832,1997
833,1998
834,1999
835,2000
836,2001
837,2002
838,2003
839,2004
840,2005
841,2006
842,2007
843,2008
844,2009
845,2010
846,2011
847,2012
848,2013
849,2014
850,2015
851,2016
852,2017
853,2018
854,2019
855,2020
856,2021
857,2022
858,2023
859,2024
860,2025
861,2026
862,2027
863,2028
864,2029
865,2030
866,2031
867,2032
868,2033
869,2034
870,2035
871,2036
872,2037
873,2038
874,2039
875,2040
876,2041
877,2042
878,2043
879,2044
880,2045
881,2046
882,2047
883,2048
884,2049
885,2050
886,2051
887,2052
888,2053
889,2054
890,2055
891,2056
892,2057
893,2058
894,2059
895,2060
896,2061
897,2062
898,2063
899,2064
900,2065
901,2066
902,2067
903,2068
904,2069
905,2070
906,2071
907,2072
908,2073
909,2074
910,2075
911,2076
912,2077
913,2078
914,2079
915,2080
916,2081
917,2082
918,2083
919,2084
920,2085
921,2086
922,2087
923,2088
924,2089
925,2090
926,2091
927,2092
928,2093
929,2094
930,2095
931,2096
932,2097
933,2098
934,2099
935,2100
936,2101
937,2102
938,2103
939,2104
940,2105
941,2106
942,2107
943,2108
944,2109
945,2110
946,2111
947,2112
948,2113
949,2114
950,2115
951,2116
952,2117
953,2118
954,2119
955,2120
956,2121
957,2122
958,2123
959,2124
960,2125
961,2126
962,2127
963,2128
964,2129
965,2130
966,2131
967,2132
968,2133
969,2134
970,2135
971,2136
972,2137
973,2138
974,2139
975,2140
976,2141
977,2142
978,2143
979,2144
980,2145
981,2146
982,2147
983,2148
984,2149
985,2150
986,2151
987,2152
988,2153
989,2154
990,2155
991,2156
992,2157
993,2158
994,2159
995,2160
996,2161
997,2162
998,2163
999,2164
1000,2165
1001,2166
1002,2167
1003,2168
1004,2169
1005,2170
1006,2171
1007,2172
1008,2173
1009,2174
1010,2175
1011,2176
1012,2177
1013,2178
1014,2179
1015,2180
1016,2181
1017,2182
1018,2183
1019,2184
1020,2185
1021,2186
1022,2187
1023,2188
1024,2189
1025,2190
1026,2191
1027,2192
1028,2193
1029,2194
1030,2195
1031,2196
1032,2197
1033,2198
1034,2199
1035,2200
1036,2201
1037,2202
1038,2203
1039,2204
1040,2205
1041,2206
1042,2207
1043,2208
1044,2209
1045,2210
1046,2211
1047,2212
1048,2213
1049,2214
1050,2215
1051,2216
1052,2217
1053,2218
1054,2219
1055,2220
1056,2221
1057,2222
1058,2223
1059,2224
1060,2225
1061,2226
1062,2227
1063,2228
1064,2229
1065,2230
1066,2231
1067,2232
1068,2233
1069,2234
1070,2235
1071,2236
1072,2237
1073,2238
1074,2239
1075,2240
1076,2241
1077,2242
1078,2243
1079,2244
1080,2245
1081,2246
1082,2247
1083,2248
1084,2249
1085,2250
1086,2251
1087,2252
1088,2253
1089,2254
1090,2255
1091,2256
1092,2257
1093,2258
1094,2259
1095,2260
1096,2261
1097,2262
1098,2263
1099,2264
1100,2265
1101,2266
1102,2267
1103,2268
1104,2269
1105,2270
1106,2271
1107,2272
1108,2273
1109,2274
1110,2275
1111,2276
1112,2586
1113,2587
1114,2588
1115,2589
1116,2590
1117,2591
1118,2592
1119,2593
1120,2594
1121,2595
1122,2596
1123,2597
1124,2598
1125,2599
1126,2600
1127,2601
1128,2602
1129,2603
1130,2604
1131,2605
1132,2606
1133,2607
1134,2608
1135,2609
1136,2610
1137,2611
1138,2612
1139,2613
1140,2614
1141,2615
1142,2616
1143,2617
1144,2618
1145,2619
1146,2620
1147,2621
1148,2622
1149,2623
1150,2624
1151,2625
1152,2626
1153,2627
1154,2628
1155,2629
1156,2673
1157,2674
1158,2675
1159,2676
1160,2677
1161,2678
1162,2679
1163,2680
1164,2681
1165,2682
1166,2683
1167,2684
1168,2685
1169,2686
1170,2687
1171,2688
1172,2689
1173,2690
1174,2691
1175,2692
1176,2693
1177,2694
1178,2695
1179,2696
1180,2697
1181,2698
1182,2699
1183,2700
1184,2701
1185,2702
1186,2703
1187,2704
1188,2705
1189,2706
1190,2707
1191,2708
1192,2709
1193,2710
1194,2711
1195,2712
1196,2713
1197,2714
1198,2715
1199,2716
1200,2717
1201,2718
1202,2719
1203,2720
1204,2721
1205,2722
1206,2723
1207,2724
1208,2725
1209,2778
1210,2779
1211,2780
1212,2781
1213,2782
1214,2783
1215,2784
1216,2785
1217,2786
1218,2787
1219,2788
1220,2789
1221,2790
1222,2791
1223,2792
1224,2793
1225,2794
1226,2795
1227,2796
1228,2797
1229,2817
1230,2818
1231,2819
1232,2820
1233,2821
1234,2822
1235,2823
1236,2824
1237,2825
1238,2826
1239,2827
1240,2828
1241,2829
1242,2830
1243,2831
1244,2832
1245,2833
1246,2834
1247,2835
1248,2836
1249,2837
1250,2838
1251,2839
1252,2840
1253,2841
1254,2842
1255,2843
1256,2844
1257,2845
1258,2846
1259,2847
1260,2848
1261,2849
1262,2850
1263,2851
1264,2852
1265,2853
1266,2854
1267,2855
1268,2856
1269,2857
1270,2858
1271,2859
1272,2860
1273,2861
1274,2862
1275,2863
1276,2864
1277,2865
1278,2866
1279,2867
1280,2868
1281,2869
1282,2870
1283,2871
1284,2872
1285,2873
1286,2874
1287,2875
1288,2876
1289,2877
1290,2878
1291,2879
1292,2880
1293,2881
1294,2882
1295,2883
1296,2884
1297,2885
1298,2886
1299,2887
1300,2888
1301,2889
1302,2890
1303,2891
1304,2892
1305,2893
1306,2894
1307,2895
1308,2896
1309,2897
1310,2898
1311,2899
1312,2900
1313,2901
1314,2902
1315,2903
1316,2904
1317,2905
1318,2906
1319,2907
1320,2908
1321,2909
1322,2910
1323,2911
1324,2912
1325,2913
1326,2914
1327,2915
1328,2916
1329,2917
1330,2918
1331,2919
1332,2920
1333,2921
1334,2922
1335,2923
1336,2924
1337,2925
1338,2926
1339,2927
1340,2928
1341,2929
1342,2930
1343,2931
1344,2932
1345,2933
1346,2934
1347,2935
1348,2936
1349,2937
1350,2938
1351,2939
1352,2940
1353,2941
1354,2942
1355,2943
1356,2944
1357,2945
1358,2946
1359,2947
1360,2948
1361,2949
1362,2950
1363,2951
1364,2952
1365,2953
1366,2954
1367,2955
1368,2956
1369,2957
1370,2958
1371,2959
1372,2960
1373,2961
1374,2962
1375,2963
1376,2964
1377,2965
1378,2966
1379,2967
1380,2968
1381,2969
1382,2970
1383,2971
1384,2972
1385,2973
1386,2974
1387,2975
1388,2976
1389,2977
1390,2978
1391,2979
1392,2980
1393,2981
1394,2982
1395,2983
1396,2984
1397,2985
1398,2986
1399,2987
1400,2988
1401,2989
1402,2990
1403,2991
1404,2992
1405,2993
1406,2994
1407,2995
1408,2996
1409,2997
1410,2998
1411,2999
1412,3000
1413,3001
1414,3002
1415,3003
1416,3004
1417,3005
1418,3006
1419,3007
1420,3008
1421,3009
1422,3010
1423,3011
1424,3012
1425,3013
1426,3014
1427,3015
1428,3016
1429,3017
1430,3018
1431,3019
1432,3020
1433,3021
1434,3022
1435,3023
1436,3024
1437,3025
1438,3026
1439,3027
1440,3028
1441,3029
1442,3030
1443,3031
1444,3032
1445,3033
1446,3034
1447,3035
1448,3036
1449,3037
1450,3038
1451,3039
1452,3040
1453,3041
1454,3042
1455,3268
1456,3269
1457,3270
1458,3271
1459,3272
1460,3273
1461,3274
1462,3275
1463,3276
1464,3277
1465,3278
1466,3279
1467,3280
1468,3281
1469,3282
1470,3283
1471,3284
1472,3285
1473,3286
1474,3287
1475,3288
1476,3289
1477,3290
1478,3291
1479,3315
1480,3316
1481,3317
1482,3318
1483,3319
1484,3320
1485,3321
1486,3322
1487,3323
1488,3324
1489,3325
1490,3326
1491,3327
1492,3328
1493,3329
1494,3330
1495,3331
1496,3332
1497,3333
1498,3334
1499,3335
1500,3336
1501,3337
1502,3338
1503,3339
1504,3340
1505,3341
1506,3342
1507,3343
1508,3344
1509,3345
1510,3346
1511,3347
1512,3348
1513,3349
1514,3350
1515,3351
1516,3352
1517,3353
1518,3354
1519,3355
1520,3356
1521,3357
1522,3358
1523,3359
1524,3360
1525,3361
1526,3362
1527,3363
1528,3364
1529,3365
1530,3366
1531,3367
1532,3368
1533,3369
1534,3370
1535,3371
1536,3372
1537,3373
1538,3374
1539,3375
1540,3376
1541,3377
1542,3378
1543,3379
1544,3380
1545,3381
1546,3382
1547,3383
1548,3384
1549,3385
1550,3386
1551,3387
1552,3388
1553,3389
1554,3390
1555,3391
1556,3392
1557,3393
1558,3394
1559,3395
1560,3396
1561,3397
1562,3398
1563,3399
1564,3400
1565,3401
1566,3402
1567,3403
1568,3404
1569,3405
1570,3406
1571,3407
1572,3408
1573,3409
1574,3410
1575,3411
1576,3412
1577,3413
1578,3414
1579,3415
1580,3416
1581,3417
1582,3418
1583,3419
1584,3420
1585,3421
1586,3422
1587,3423
1588,3424
1589,3425
1590,3426
1591,3427
1592,3428
1593,3429
1594,3430
1595,3431
1596,3432
1597,3433
1598,3434
1599,3435
1600,3436
1601,3437
1602,3438
1603,3439
1604,3440
1605,3441
1606,3442
1607,3443
1608,3444
1609,3445
1610,3446
1611,3447
1612,3448
1613,3449
1614,3450
1615,3451
1616,3452
1617,3453
1618,3454
1619,3455
1620,3456
1621,3457
1622,3458
1623,3459
1624,3460
1625,3461
1626,3462
1627,3463
1628,3464
1629,3465
1630,3466
1631,3467
1632,3468
1633,3469
1634,3470
1635,3471
1636,3472
1637,3473
1638,3474
1639,3475
1640,3476
1641,3477
1642,3478
1643,3479
1644,3480
1645,3481
1646,3482
1647,3483
1648,3484
1649,3485
1650,3486
1651,3487
1652,3488
1653,3489
1654,3490
1655,3491
1656,3492
1657,3493
1658,3494
1659,3495
1660,3496
1661,3497
1662,3498
1663,3499
1664,3500
1665,3501
1666,3502
1667,3503
1668,3504
1669,3505
1670,3506
1671,3507
1672,3508
1673,3509
1674,3510
1675,3511
1676,3512
1677,3513
1678,3514
1679,3515
1680,3516
1681,3517
1682,3518
1683,3519
1684,3520
1685,3521
1686,3522
1687,3523
1688,3524
1689,3525
1690,3526
1691,3527
1692,3528
1693,3529
1694,3530
1695,3531
1696,3532
1697,3533
1698,3534
1699,3535
1700,3536
1701,3537
1702,3538
1703,3539
1704,3540
1705,3766
1706,3767
1707,3768
1708,3769
1709,3770
1710,3771
1711,3772
1712,3773
1713,3774
1714,3775
1715,3776
1716,3777
1717,3778
1718,3779
1719,3780
1720,3781
1721,3782
1722,3783
1723,3784
1724,3785
1725,3786
1726,3787
1727,3788
1728,3789
1729,3790
1730,3791
1731,3792
1732,3793
1733,3794
1734,3795
1735,3796
1736,3797
1737,3798
1738,3799
1739,3800
1740,3801
1741,3802
1742,3803
1743,3804
1744,3805
1745,3806
1746,3807
1747,3808
1748,3809
1749,3810
1750,3811
1751,3857
1752,3858
1753,3859
1754,3860
1755,3861
1756,3862
1757,3863
1758,3864
1759,3865
1760,3866
1761,3867
1762,3868
1763,3869
1764,3870
1765,3871
1766,3872
1767,3873
1768,3890
1769,3891
1770,3892
1771,3893
1772,3894
1773,3895
1774,3896
1775,3897
1776,3898
1777,3899
1778,3900
1779,3901
1780,3902
1781,3903
1782,3904
1783,3905
1784,3906
1785,3907
1786,3908
1787,3909
1788,3929
1789,3930
1790,3931
1791,3932
1792,3933
1793,3934
1794,3935
1795,3936
1796,3937
1797,3938
1798,3939
1799,3940
1800,3941
1801,3942
1802,3943
1803,3944
1804,3945
1805,3946
1806,3947
1807,3948
1808,3949
1809,3950
1810,3951
1811,3952
1812,3976
1813,3977
1814,3978
1815,3979
1816,3980
1817,3981
1818,3982
1819,3983
1820,3984
1821,3985
1822,3986
1823,3987
1824,3988
1825,3989
1826,3990
1827,3991
1828,3992
1829,3993
1830,3994
1831,3995
1832,3996
1833,3997
1834,3998
1835,3999
1836,4000
1837,4001
1838,4027
1839,4028
1840,4029
1841,4030
1842,4031
1843,4032
1844,4033
1845,4034
1846,4035
1847,4036
1848,4037
1849,4038
1850,4039
1851,4040
1852,4041
1853,4042
1854,4043
1855,4044
1856,4045
1857,4046
1858,4047
1859,4048
1860,4049
1861,4050
1862,4051
1863,4052
1864,4053
1865,4054
1866,4055
1867,4056
1868,4057
1869,4058
1870,4059
1871,4060
1872,4061
1873,4062
1874,4063
1875,4064
1876,4065
1877,4066
1878,4067
1879,4068
1880,4069
1881,4070
1882,4071
1883,4072
1884,4073
1885,4074
1886,4075
1887,4076
1888,4077
1889,4078
1890,4079
1891,4080
1892,4081
1893,4082
1894,4083
1895,4084
1896,4085
1897,4086
1898,4087
1899,4088
1900,4089
1901,4090
1902,4091
1903,4092
1904,4093
1905,4094
1906,4095
1907,4096
1908,4097
1909,4098
1910,4099
1911,4100
1912,4101
1913,4102
1914,4103
1915,4104
1916,4105
1917,4106
1918,4107
1919,4108
1920,4109
1921,4110
1922,4111
1923,4112
1924,4113
1925,4114
1926,4115
1927,4116
1928,4117
1929,4118
1930,4119
1931,4120
1932,4121
1933,4122
1934,4123
1935,4124
1936,4125
1937,4126
1938,4127
1939,4128
1940,4129
1941,4130
1942,4131
1943,4132
1944,4133
1945,4134
1946,4135
1947,4136
1948,4137
1949,4138
1950,4139
1951,4140
1952,4141
1953,4142
1954,4143
1955,4144
1956,4145
1957,4146
1958,4147
1959,4148
1960,4149
1961,4150
1962,4151
1963,4152
1964,4153
1965,4154
1966,4155
1967,4156
1968,4157
1969,4158
1970,4159
1971,4160
1972,4161
1973,4162
1974,4163
1975,4164
1976,4165
1977,4166
1978,4167
1979,4168
1980,4169
1981,4170
1982,4171
1983,4172
1984,4173
1985,4174
1986,4175
1987,4176
1988,4177
1989,4178
1990,4179
1991,4180
1992,4181
1993,4182
1994,4183
1995,4184
1996,4185
1997,4344
1998,4345
1999,4346
2000,4347
2001,4348
2002,4349
2003,4350
2004,4351
2005,4352
2006,4353
2007,4354
2008,4355
2009,4356
2010,4357
2011,4358
2012,4359
2013,4360
2014,4361
2015,4362
2016,4363
2017,4364
2018,4365
2019,4366
2020,4367
2021,4368
2022,4369
2023,4370
2024,4371
2025,4372
2026,4373
2027,4374
2028,4375
2029,4376
2030,4377
2031,4378
2032,4379
2033,4380
2034,4417
2035,4418
2036,4419
2037,4420
2038,4421
2039,4422
2040,4423
2041,4424
2042,4425
2043,4426
2044,4427
2045,4428
2046,4429
2047,4430
2048,4431
2049,4432
2050,4433
2051,4434
2052,4435
2053,4436
2054,4437
2055,4438
2056,4439
2057,4440
2058,4441
2059,4442
2060,4443
2061,4444
2062,4445
2063,4446
2064,4447
2065,4448
2066,4449
2067,4450
2068,4451
2069,4452
2070,4453
2071,4454
2072,4455
2073,4456
2074,4457
2075,4458
2076,4459
2077,4460
2078,4461
2079,4462
2080,4463
2081,4464
2082,4465
2083,4466
2084,4467
2085,4468
2086,4469
2087,4470
2088,4471
2089,4472
2090,4473
2091,4474
2092,4475
2093,4476
2094,4477
2095,4478
2096,4479
2097,4480
2098,4481
2099,4482
2100,4483
2101,4484
2102,4485
2103,4486
2104,4487
2105,4558
2106,4559
2107,4560
2108,4561
2109,4562
2110,4563
2111,4564
2112,4565
2113,4566
2114,4567
2115,4568
2116,4569
2117,4570
2118,4571
2119,4572
2120,4573
2121,4574
2122,4575
2123,4576
2124,4577
2125,4578
2126,4579
2127,4580
2128,4581
2129,4582
2130,4583
2131,4609
2132,4610
2133,4611
2134,4612
2135,4613
2136,4614
2137,4615
2138,4616
2139,4617
2140,4618
2141,4619
2142,4620
2143,4621
2144,4622
2145,4623
2146,4624
2147,4625
2148,4626
2149,4627
2150,4646
2151,4647
2152,4648
2153,4649
2154,4650
2155,4651
2156,4652
2157,4653
2158,4654
2159,4655
2160,4656
2161,4657
2162,4658
2163,4659
2164,4660
2165,4661
2166,4662
2167,4663
2168,4664
2169,4665
2170,4666
2171,4667
2172,4668
2173,4669
2174,4670
2175,4671
2176,4672
2177,4673
2178,4674
2179,4675
2180,4676
2181,4677
2182,4678
2183,4679
2184,4680
2185,4681
2186,4682
2187,4683
2188,4684
2189,4685
2190,4686
2191,4687
2192,4688
2193,4689
2194,4690
2195,4691
2196,4692
2197,4693
2198,4694
2199,4695
2200,4696
2201,4697
2202,4698
2203,4699
2204,4700
2205,4701
2206,4702
2207,4703
2208,4704
2209,4705
2210,4706
2211,4707
2212,4708
2213,4709
2214,4710
2215,4711
2216,4712
2217,4713
2218,4714
2219,4715
2220,4716
2221,4717
2222,4718
2223,4719
2224,4720
2225,4721
2226,4722
2227,4723
2228,4724
2229,4725
2230,4726
2231,4727
2232,4728
2233,4729
2234,4730
2235,4731
2236,4732
2237,4733
2238,4734
2239,4735
2240,4736
2241,4737
2242,4738
2243,4739
2244,4740
2245,4741
2246,4742
2247,4743
2248,4744
2249,4745
2250,4746
2251,4747
2252,4748
2253,4749
2254,4750
2255,4751
2256,4752
2257,4753
2258,4754
2259,4755
2260,4756
2261,4757
2262,4758
2263,4759
2264,4760
2265,4761
2266,4762
2267,4763
2268,4764
2269,4765
2270,4766
2271,4767
2272,4768
2273,4769
2274,4770
2275,4771
2276,4772
2277,4773
2278,4774
2279,4775
2280,4776
2281,4777
2282,4778
2283,4779
2284,4780
2285,4781
2286,4782
2287,4783
2288,4784
2289,4785
2290,4786
2291,4787
2292,4788
2293,4789
2294,4790
2295,4791
2296,4792
2297,4793
2298,4794
2299,4795
2300,4796
2301,4797
2302,4798
2303,4799
2304,4800
2305,4801
2306,4802
2307,4803
2308,4804
2309,4963
2310,4964
2311,4965
2312,4966
2313,4967
2314,4968
2315,4969
2316,4970
2317,4971
2318,4972
2319,4973
2320,4974
2321,4975
2322,4976
2323,4977
2324,4978
2325,4979
2326,4980
2327,4981
2328,4982
2329,4983
2330,4984
2331,4985
2332,4986
2333,4987
2334,4988
2335,4989
2336,4990
2337,4991
2338,4992
2339,4993
2340,4994
2341,4995
2342,4996
2343,4997
2344,4998
2345,4999
2346,5000
2347,5001
2348,5002
2349,5003
2350,5004
2351,5005
2352,5006
2353,5007
2354,5008
2355,5009
2356,5010
2357,5011
2358,5012
2359,5013
2360,5014
2361,5015
2362,5016
2363,5017
2364,5018
2365,5019
2366,5020
2367,5021
2368,5022
2369,5023
2370,5024
2371,5025
2372,5026
2373,5027
2374,5028
2375,5029
2376,5030
2377,5031
2378,5032
2379,5033
2380,5034
2381,5035
2382,5036
2383,5037
2384,5038
2385,5039
2386,5040
2387,5041
2388,5042
2389,5043
2390,5044
2391,5045
2392,5046
2393,5047
2394,5048
2395,5049
2396,5050
2397,5051
2398,5052
2399,5053
2400,5054
2401,5055
2402,5056
2403,5057
2404,5058
2405,5059
2406,5060
2407,5061
2408,5062
2409,5063
2410,5064
2411,5065
2412,5066
2413,5067
2414,5068
2415,5069
2416,5070
2417,5071
2418,5072
2419,5073
2420,5074
2421,5075
2422,5076
2423,5077
2424,5078
2425,5079
2426,5080
2427,5081
2428,5082
2429,5083
2430,5084
2431,5085
2432,5086
2433,5087
2434,5088
2435,5089
2436,5090
2437,5091
2438,5092
2439,5093
2440,5094
2441,5095
2442,5096
2443,5097
2444,5098
2445,5099
2446,5100
2447,5101
2448,5102
2449,5103
2450,5104
2451,5105
2452,5106
2453,5107
2454,5108
2455,5109
2456,5110
2457,5111
2458,5112
2459,5113
2460,5114
2461,5115
2462,5116
2463,5117
2464,5118
2465,5119
2466,5120
2467,5121
2468,5122
2469,5123
2470,5124
2471,5125
2472,5126
2473,5127
2474,5128
2475,5129
2476,5130
2477,5131
2478,5132
2479,5133
2480,5134
2481,5135
2482,5136
2483,5137
2484,5138
2485,5139
2486,5140
2487,5141
2488,5142
2489,5143
2490,5144
2491,5145
2492,5146
2493,5147
2494,5148
2495,5149
2496,5150
2497,5151
2498,5152
2499,5153
2500,5154
2501,5155
2502,5156
2503,5157
2504,5158
2505,5159
2506,5160
2507,5161
2508,5162
2509,5163
2510,5164
2511,5165
2512,5166
2513,5167
2514,5168
2515,5169
2516,5170
2517,5171
2518,5172
2519,5173
2520,5174
2521,5175
2522,5176
2523,5177
2524,5178
2525,5179
2526,5180
2527,5181
2528,5182
2529,5183
2530,5184
2531,5185
2532,5186
2533,5187
2534,5188
2535,5189
2536,5190
2537,5191
2538,5192
2539,5193
2540,5194
2541,5195
2542,5196
2543,5197
2544,5198
2545,5199
2546,5200
2547,5201
2548,5202
2549,5203
2550,5204
2551,5205
2552,5206
2553,5207
2554,5208
2555,5209
2556,5210
2557,5211
2558,5212
2559,5213
2560,5214
2561,5215
2562,5216
2563,5217
2564,5218
2565,5219
2566,5220
2567,5221
2568,5222
2569,5223
2570,5224
2571,5225
2572,5226
2573,5227
2574,5228
2575,5229
2576,5230
2577,5231
2578,5232
2579,5233
2580,5234
2581,5235
2582,5236
2583,5237
2584,5238
2585,5239
2586,5240
2587,5241
2588,5242
2589,5243
2590,5244
2591,5245
2592,5246
2593,5247
2594,5248
2595,5249
2596,5250
2597,5251
2598,5252
2599,5253
2600,5254
2601,5255
2602,5256
2603,5257
2604,5258
2605,5259
2606,5260
2607,5261
2608,5262
2609,5263
2610,5264
2611,5265
2612,5266
2613,5267
2614,5268
2615,5269
2616,5270
2617,5271
2618,5580
2619,5581
2620,5582
2621,5583
2622,5584
2623,5585
2624,5586
2625,5587
2626,5588
2627,5589
2628,5590
2629,5591
2630,5592
2631,5593
2632,5594
2633,5595
2634,5596
2635,5597
2636,5598
2637,5599
2638,5600
2639,5601
2640,5602
2641,5603
2642,5604
2643,5605
2644,5606
2645,5607
2646,5608
2647,5609
2648,5610
2649,5611
2650,5612
2651,5613
2652,5614
2653,5615
2654,5616
2655,5617
2656,5618
2657,5619
2658,5620
2659,5621
2660,5622
2661,5623
2662,5624
2663,5625
2664,5626
2665,5627
2666,5628
2667,5629
2668,5630
2669,5631
2670,5632
2671,5633
2672,5634
2673,5635
2674,5636
2675,5637
2676,5638
2677,5639
2678,5640
2679,5641
2680,5642
2681,5643
2682,5644
2683,5645
2684,5646
2685,5647
2686,5648
2687,5649
2688,5650
2689,5651
2690,5652
2691,5653
2692,5654
2693,5655
2694,5656
2695,5657
2696,5658
2697,5659
2698,5660
2699,5661
2700,5662
2701,5663
2702,5664
2703,5665
2704,5666
2705,5667
2706,5668
2707,5669
2708,5670
2709,5671
2710,5672
2711,5673
2712,5674
2713,5675
2714,5676
2715,5677
2716,5678
2717,5679
2718,5680
2719,5681
2720,5682
2721,5683
2722,5684
2723,5685
2724,5686
2725,5687
2726,5688
2727,5689
2728,5690
2729,5691
2730,5692
2731,5693
2732,5694
2733,5695
2734,5696
2735,5697
2736,5698
2737,5699
2738,5700
2739,5701
2740,5702
2741,5703
2742,5704
2743,5705
2744,5706
2745,5707
2746,5708
2747,5709
2748,5710
2749,5711
2750,5712
2751,5713
2752,5714
2753,5715
2754,5716
2755,5717
2756,5718
2757,5719
2758,5720
2759,5721
2760,5722
2761,5723
2762,5724
2763,5725
2764,5726
2765,5727
2766,5728
2767,5729
2768,5730
2769,5731
2770,5732
2771,5733
2772,5734
2773,5735
2774,5736
2775,5737
2776,5738
2777,5739
2778,5740
2779,5741
2780,5742
2781,5743
2782,5744
2783,5745
2784,5746
2785,5747
2786,5748
2787,5749
2788,5750
2789,5751
2790,5752
2791,5753
2792,5754
2793,5755
2794,5756
2795,5757
2796,5758
2797,5759
2798,5760
2799,5761
2800,5762
2801,5763
2802,5764
2803,5765
2804,5766
2805,5767
2806,5768
2807,5769
2808,5770
2809,5771
2810,5772
2811,5773
2812,5774
2813,5775
2814,5776
2815,5777
2816,5778
2817,5779
2818,5780
2819,5781
2820,5782
2821,5783
2822,5784
2823,5785
2824,5786
2825,5787
2826,5788
2827,5789
2828,5790
2829,5791
2830,5792
2831,5793
2832,5794
2833,5795
2834,5796
2835,5797
2836,5798
2837,5799
2838,5800
2839,5801
2840,5802
2841,5803
2842,5804
2843,5805
2844,6031
2845,6032
2846,6033
2847,6034
2848,6035
2849,6036
2850,6037
2851,6038
2852,6039
2853,6040
2854,6041
2855,6042
2856,6043
2857,6044
2858,6045
2859,6046
2860,6047
2861,6048
2862,6049
2863,6050
2864,6051
2865,6052
2866,6053
2867,6054
2868,6055
2869,6056
2870,6082
2871,6083
2872,6084
2873,6085
2874,6086
2875,6087
2876,6088
2877,6089
2878,6090
2879,6091
2880,6092
2881,6093
2882,6094
2883,6095
2884,6096
2885,6097
2886,6098
2887,6099
2888,6100
2889,6101
2890,6102
2891,6103
2892,6104
2893,6105
2894,6106
2895,6107
2896,6108
2897,6109
2898,6110
2899,6111
2900,6112
2901,6113
2902,6114
2903,6115
2904,6116
2905,6117
2906,6118
2907,6119
2908,6120
2909,6121
2910,6122
2911,6123
2912,6124
2913,6125
2914,6126
2915,6171
2916,6172
2917,6173
2918,6174
2919,6175
2920,6176
2921,6177
2922,6178
2923,6179
2924,6180
2925,6181
2926,6182
2927,6183
2928,6184
2929,6185
2930,6186
2931,6187
2932,6188
2933,6189
2934,6190
2935,6191
2936,6192
2937,6193
2938,6194
2939,6195
2940,6196
2941,6197
2942,6198
2943,6199
2944,6200
2945,6201
2946,6202
2947,6203
2948,6204
2949,6205
2950,6206
2951,6207
2952,6208
2953,6209
2954,6210
2955,6211
2956,6212
2957,6213
2958,6214
2959,6215
2960,6216
2961,6217
2962,6218
2963,6219
2964,6220
2965,6221
2966,6222
2967,6223
2968,6224
2969,6225
2970,6226
2971,6227
2972,6228
2973,6229
2974,6230
2975,6231
2976,6232
2977,6233
2978,6234
2979,6235
2980,6236
2981,6237
2982,6238
2983,6239
2984,6240
2985,6241
2986,6242
2987,6243
2988,6244
2989,6245
2990,6246
2991,6247
2992,6248
2993,6249
2994,6250
2995,6251
2996,6252
2997,6253
2998,6254
2999,6255
3000,6256
3001,6257
3002,6258
3003,6259
3004,6260
3005,6261
3006,6262
3007,6263
3008,6264
3009,6265
3010,6266
3011,6267
3012,6268
3013,6269
3014,6270
3015,6271
3016,6272
3017,6273
3018,6274
3019,6275
3020,6276
3021,6277
3022,6278
3023,6279
3024,6280
3025,6281
3026,6282
3027,6283
3028,6284
3029,6285
3030,6286
3031,6287
3032,6288
3033,6289
3034,6290
3035,6291
3036,6292
3037,6293
3038,6294
3039,6295
3040,6296
3041,6297
3042,6298
3043,6299
3044,6300
3045,6301
3046,6302
3047,6303
3048,6304
3049,6305
3050,6306
3051,6307
3052,6308
3053,6309
3054,6310
3055,6311
3056,6312
3057,6313
3058,6314
3059,6315
3060,6316
3061,6317
3062,6318
3063,6319
3064,6320
3065,6321
3066,6322
3067,6323
3068,6324
3069,6325
3070,6326
3071,6327
3072,6328
3073,6329
3074,6330
3075,6331
3076,6332
3077,6333
3078,6334
3079,6335
3080,6336
3081,6337
3082,6338
3083,6339
3084,6340
3085,6341
3086,6342
3087,6343
3088,6344
3089,6345
3090,6346
3091,6347
3092,6348
3093,6349
3094,6350
3095,6351
3096,6352
3097,6353
3098,6354
3099,6355
3100,6356
3101,6357
3102,6358
3103,6359
3104,6360
3105,6361
3106,6362
3107,6363
3108,6364
3109,6365
3110,6366
3111,6367
3112,6368
3113,6369
3114,6370
3115,6371
3116,6372
3117,6373
3118,6374
3119,6375
3120,6376
3121,6377
3122,6378
3123,6379
3124,6380
3125,6381
3126,6382
3127,6383
3128,6384
3129,6385
3130,6386
3131,6387
3132,6388
3133,6389
3134,6390
3135,6391
3136,6392
3137,6393
3138,6394
3139,6395
3140,6396
3141,6397
3142,6398
3143,6399
3144,6400
3145,6401
3146,6402
3147,6403
3148,6404
3149,6405
3150,6406
3151,6407
3152,6408
3153,6409
3154,6410
3155,6411
3156,6412
3157,6413
3158,6414
3159,6415
3160,6416
3161,6417
3162,6418
3163,6419
3164,6420
3165,6421
3166,6422
3167,6423
3168,6424
3169,6425
3170,6426
3171,6427
3172,6428
3173,6429
3174,6430
3175,6431
3176,6432
3177,6433
3178,6434
3179,6435
3180,6436
3181,6437
3182,6438
3183,6439
3184,6440
3185,6441
3186,6442
3187,6443
3188,6444
3189,6445
3190,6446
3191,6447
3192,6448
3193,6449
3194,6450
3195,6451
3196,6452
3197,6453
3198,6454
3199,6455
3200,6456
3201,6457
3202,6458
3203,6459
3204,6460
3205,6461
3206,6462
3207,6463
3208,6464
3209,6465
3210,6466
3211,6467
3212,6468
3213,6469
3214,6470
3215,6471
3216,6472
3217,6473
3218,6474
3219,6475
3220,6476
3221,6477
3222,6478
3223,6479
3224,6788
3225,6789
3226,6790
3227,6791
3228,6792
3229,6793
3230,6794
3231,6795
3232,6796
3233,6797
3234,6798
3235,6799
3236,6800
3237,6801
3238,6802
3239,6803
3240,6804
3241,6805
3242,6806
3243,6807
3244,6808
3245,6809
3246,6810
3247,6811
3248,6812
3249,6813
3250,6814
3251,6815
3252,6816
3253,6817
3254,6818
3255,6819
3256,6820
3257,6821
3258,6822
3259,6823
3260,6824
3261,6825
3262,6826
3263,6827
3264,6828
3265,6829
3266,6830
3267,6831
3268,6832
3269,6833
3270,6834
3271,6835
3272,6836
3273,6837
3274,6838
3275,6839
3276,6840
3277,6841
3278,6842
3279,6843
3280,6844
3281,6845
3282,6846
3283,6847
3284,6848
3285,6849
3286,6850
3287,6851
3288,6852
3289,6853
3290,6854
3291,6855
3292,6856
3293,6857
3294,6858
3295,6859
3296,6860
3297,6861
3298,6862
3299,6863
3300,6864
3301,6865
3302,6866
3303,6867
3304,6868
3305,6869
3306,6870
3307,6871
3308,6872
3309,6873
3310,6874
3311,6875
3312,6876
3313,6877
3314,6878
3315,6879
3316,6880
3317,6881
3318,6882
3319,6883
3320,6884
3321,6885
3322,6886
3323,6887
3324,6888
3325,6889
3326,6890
3327,6891
3328,6892
3329,6893
3330,6894
3331,6895
3332,6896
3333,6897
3334,6898
3335,6899
3336,6900
3337,6901
3338,6902
3339,6903
3340,6904
3341,6905
3342,6906
3343,6907
3344,6908
3345,6909
3346,6910
3347,6911
3348,6912
3349,6913
3350,6914
3351,6915
3352,6916
3353,6917
3354,6918
3355,6919
3356,6920
3357,6921
3358,6922
3359,6923
3360,6924
3361,6925
3362,6926
3363,6927
3364,6928
3365,6929
3366,6930
3367,6931
3368,6932
3369,6933
3370,6934
3371,6935
3372,6936
3373,6937
3374,6938
3375,6939
3376,6940
3377,6941
3378,6942
3379,6943
3380,6944
3381,6945
3382,6946
3383,6947
3384,6948
3385,6949
3386,6950
3387,6951
3388,6952
3389,6953
3390,6954
3391,6955
3392,6956
3393,6957
3394,6958
3395,6959
3396,6960
3397,6961
3398,6962
3399,6963
3400,6964
3401,6965
3402,6966
3403,6967
3404,6968
3405,6969
3406,6970
3407,6971
3408,6972
3409,6973
3410,6974
3411,6975
3412,6976
3413,6977
3414,6978
3415,6979
3416,6980
3417,6981
3418,6982
3419,6983
3420,6984
3421,6985
3422,6986
3423,6987
3424,6988
3425,6989
3426,6990
3427,6991
3428,6992
3429,6993
3430,6994
3431,6995
3432,6996
3433,6997
3434,6998
3435,6999
3436,7000
3437,7001
3438,7002
3439,7003
3440,7004
3441,7005
3442,7006
3443,7007
3444,7008
3445,7009
3446,7010
3447,7011
3448,7012
3449,7013
3450,7239
3451,7240
3452,7241
3453,7242
3454,7243
3455,7244
3456,7245
3457,7246
3458,7247
3459,7248
3460,7249
3461,7250
3462,7251
3463,7252
3464,7253
3465,7254
3466,7255
3467,7256
3468,7257
3469,7258
3470,7259
3471,7260
3472,7261
3473,7262
3474,7263
3475,7288
3476,7289
3477,7290
3478,7291
3479,7292
3480,7293
3481,7294
3482,7295
3483,7296
3484,7297
3485,7298
3486,7299
3487,7300
3488,7301
3489,7302
3490,7303
3491,7304
3492,7305
3493,7306
3494,7307
3495,7308
3496,7309
3497,7310
3498,7311
3499,7312
3500,7313
3501,7314
3502,7315
3503,7316
3504,7317
3505,7318
3506,7319
3507,7320
3508,7321
3509,7322
3510,7323
3511,7324
3512,7325
3513,7326
3514,7327
3515,7328
3516,7329
3517,7330
3518,7331
3519,7332
3520,7377
3521,7378
3522,7379
3523,7380
3524,7381
3525,7382
3526,7383
3527,7384
3528,7385
3529,7386
3530,7387
3531,7388
3532,7389
3533,7390
3534,7391
3535,7392
3536,7393
3537,7394
3538,7412
3539,7413
3540,7414
3541,7415
3542,7416
3543,7417
3544,7418
3545,7419
3546,7420
3547,7421
3548,7422
3549,7423
3550,7424
3551,7425
3552,7426
3553,7427
3554,7428
3555,7429
3556,7430
3557,7431
3558,7432
3559,7433
3560,7434
3561,7435
3562,7436
3563,7437
3564,7438
3565,7439
3566,7440
3567,7441
3568,7442
3569,7443
3570,7444
3571,7445
3572,7446
3573,7447
3574,7448
3575,7449
3576,7450
3577,7451
3578,7452
3579,7453
3580,7454
3581,7455
3582,7456
3583,7457
3584,7458
3585,7459
3586,7460
3587,7461
3588,7462
3589,7463
3590,7464
3591,7465
3592,7466
3593,7467
3594,7468
3595,7469
3596,7470
3597,7471
3598,7472
3599,7473
3600,7474
3601,7475
3602,7476
3603,7477
3604,7478
3605,7479
3606,7480
3607,7481
3608,7551
3609,7552
3610,7553
3611,7554
3612,7555
3613,7556
3614,7557
3615,7558
3616,7559
3617,7560
3618,7561
3619,7562
3620,7563
3621,7564
3622,7565
3623,7566
3624,7567
3625,7568
3626,7569
3627,7570
3628,7571
3629,7572
3630,7573
3631,7574
3632,7575
3633,7600
3634,7601
3635,7602
3636,7603
3637,7604
3638,7605
3639,7606
3640,7607
3641,7608
3642,7609
3643,7610
3644,7611
3645,7612
3646,7613
3647,7614
3648,7615
3649,7616
3650,7617
3651,7618
3652,7619
3653,7620
3654,7621
3655,7643
3656,7644
3657,7645
3658,7646
3659,7647
3660,7648
3661,7649
3662,7650
3663,7651
3664,7652
3665,7653
3666,7654
3667,7655
3668,7656
3669,7657
3670,7658
3671,7659
3672,7660
3673,7661
3674,7662
3675,7682
3676,7683
3677,7684
3678,7685
3679,7686
3680,7687
3681,7688
3682,7689
3683,7690
3684,7691
3685,7692
3686,7693
3687,7694
3688,7695
3689,7696
3690,7697
3691,7698
3692,7699
3693,7700
3694,7701
3695,7721
3696,7722
3697,7723
3698,7724
3699,7725
3700,7726
3701,7727
3702,7728
3703,7729
3704,7730
3705,7731
3706,7732
3707,7733
3708,7734
3709,7735
3710,7736
3711,7737
3712,7738
3713,7739
3714,7740
3715,7741
3716,7742
3717,7743
3718,7744
3719,7745
3720,7746
3721,7747
3722,7748
3723,7749
3724,7750
3725,7751
3726,7752
3727,7753
3728,7754
3729,7755
3730,7756
3731,7757
3732,7758
3733,7759
3734,7760
3735,7761
3736,7762
3737,7763
3738,7764
3739,7765
3740,7766
3741,7767
3742,7768
3743,7769
3744,7770
3745,7771
3746,7772
3747,7773
3748,7774
3749,7775
3750,7776
3751,7777
3752,7778
3753,7779
3754,7780
3755,7781
3756,7782
3757,7783
3758,7784
3759,7785
3760,7786
3761,7787
3762,7788
3763,7789
3764,7790
3765,7860
3766,7861
3767,7862
3768,7863
3769,7864
3770,7865
3771,7866
3772,7867
3773,7868
3774,7869
3775,7870
3776,7871
3777,7872
3778,7873
3779,7874
3780,7875
3781,7876
3782,7877
3783,7878
3784,7879
3785,7899
3786,7900
3787,7901
3788,7902
3789,7903
3790,7904
3791,7905
3792,7906
3793,7907
3794,7908
3795,7909
3796,7910
3797,7911
3798,7912
3799,7913
3800,7914
3801,7915
3802,7916
3803,7917
3804,7918
3805,7919
3806,7920
3807,7921
3808,7922
3809,7923
3810,7924
3811,7925
3812,7926
3813,7927
3814,7928
3815,7929
3816,7930
3817,7931
3818,7932
3819,7933
3820,7934
3821,7935
3822,7972
3823,7973
3824,7974
3825,7975
3826,7976
3827,7977
3828,7978
3829,7979
3830,7980
3831,7981
3832,7982
3833,7983
3834,7984
3835,7985
3836,7986
3837,7987
3838,7988
3839,7989
3840,7990
3841,7991
3842,7992
3843,7993
3844,7994
3845,7995
3846,7996
3847,7997
3848,7998
3849,7999
3850,8000
3851,8001
3852,8002
3853,8003
3854,8004
3855,8005
3856,8006
3857,8007
3858,8008
3859,8009
3860,8010
3861,8011
3862,8012
3863,8013
3864,8014
3865,8015
3866,8016
3867,8017
3868,8018
3869,8019
3870,8020
3871,8021
3872,8022
3873,8023
3874,8024
3875,8025
3876,8026
3877,8027
3878,8028
3879,8029
3880,8030
3881,8031
3882,8032
3883,8033
3884,8034
3885,8035
3886,8036
3887,8037
3888,8038
3889,8039
3890,8040
3891,8041
3892,8042
3893,8113
3894,8114
3895,8115
3896,8116
3897,8117
3898,8118
3899,8119
3900,8120
3901,8121
3902,8122
3903,8123
3904,8124
3905,8125
3906,8126
3907,8127
3908,8128
3909,8129
3910,8130
3911,8131
3912,8132
3913,8133
3914,8134
3915,8135
3916,8136
3917,8137
3918,8138
3919,8139
3920,8140
3921,8141
3922,8142
3923,8143
3924,8144
3925,8145
3926,8146
3927,8147
3928,8148
3929,8149
3930,8150
3931,8188
3932,8189
3933,8190
3934,8191
3935,8192
3936,8193
3937,8194
3938,8195
3939,8196
3940,8197
3941,8198
3942,8199
3943,8200
3944,8201
3945,8202
3946,8203
3947,8204
3948,8205
3949,8206
3950,8207
3951,8208
3952,8209
3953,8210
3954,8211
3955,8212
3956,8213
3957,8214
3958,8215
3959,8216
3960,8217
3961,8218
3962,8219
3963,8220
3964,8221
3965,8222
3966,8223
3967,8224
3968,8225
3969,8226
3970,8227
3971,8228
3972,8229
3973,8230
3974,8231
3975,8232
3976,8233
3977,8234
3978,8235
3979,8236
3980,8237
3981,8238
3982,8239
3983,8240
3984,8241
3985,8242
3986,8243
3987,8244
3988,8245
3989,8246
3990,8247
3991,8248
3992,8249
3993,8250
3994,8251
3995,8252
3996,8253
3997,8254
3998,8255
3999,8256
4000,8257
4001,8258
4002,8259
4003,8260
4004,8261
4005,8262
4006,8263
4007,8264
4008,8265
4009,8266
4010,8267
4011,8268
4012,8269
4013,8270
4014,8271
4015,8272
4016,8273
4017,8274
4018,8275
4019,8276
4020,8277
4021,8278
4022,8279
4023,8280
4024,8281
4025,8282
4026,8283
4027,8284
4028,8285
4029,8286
4030,8287
4031,8288
4032,8289
4033,8290
4034,8291
4035,8292
4036,8293
4037,8294
4038,8295
4039,8296
4040,8297
4041,8298
4042,8299
4043,8300
4044,8301
4045,8302
4046,8303
4047,8304
4048,8305
4049,8306
4050,8307
4051,8308
4052,8309
4053,8310
4054,8311
4055,8312
4056,8313
4057,8314
4058,8315
4059,8316
4060,8317
4061,8318
4062,8319
4063,8320
4064,8321
4065,8322
4066,8323
4067,8324
4068,8325
4069,8326
4070,8327
4071,8328
4072,8329
4073,8330
4074,8331
4075,8332
4076,8333
4077,8334
4078,8335
4079,8336
4080,8337
4081,8338
4082,8339
4083,8340
4084,8341
4085,8342
4086,8343
4087,8344
4088,8345
4089,8346
4090,8347
4091,8348
4092,8349
4093,8350
4094,8351
4095,8352
4096,8353
4097,8354
4098,8355
4099,8356
4100,8357
4101,8358
4102,8359
4103,8360
4104,8361
4105,8362
4106,8363
4107,8364
4108,8365
4109,8366
4110,8367
4111,8368
4112,8369
4113,8370
4114,8371
4115,8372
4116,8373
4117,8374
4118,8375
4119,8376
4120,8377
4121,8378
4122,8379
4123,8380
4124,8381
4125,8382
4126,8383
4127,8384
4128,8385
4129,8386
4130,8387
4131,8388
4132,8389
4133,8390
4134,8391
4135,8392
4136,8393
4137,8394
4138,8395
4139,8396
4140,8397
4141,8398
4142,8399
4143,8400
4144,8401
4145,8402
4146,8403
4147,8404
4148,8405
4149,8406
4150,8407
4151,8408
4152,8409
4153,8410
4154,8411
4155,8412
4156,8413
4157,8639
4158,8640
4159,8641
4160,8642
4161,8643
4162,8644
4163,8645
4164,8646
4165,8647
4166,8648
4167,8649
4168,8650
4169,8651
4170,8652
4171,8653
4172,8654
4173,8655
4174,8656
4175,8657
4176,8658
4177,8659
4178,8660
4179,8661
4180,8662
4181,8663
4182,8664
4183,8690
4184,8691
4185,8692
4186,8693
4187,8694
4188,8695
4189,8696
4190,8697
4191,8698
4192,8699
4193,8700
4194,8701
4195,8702
4196,8703
4197,8704
4198,8705
4199,8706
4200,8707
4201,8708
4202,8727
4203,8728
4204,8729
4205,8730
4206,8731
4207,8732
4208,8733
4209,8734
4210,8735
4211,8736
4212,8737
4213,8738
4214,8739
4215,8740
4216,8741
4217,8742
4218,8743
4219,8744
4220,8745
4221,8746
4222,8766
4223,8767
4224,8768
4225,8769
4226,8770
4227,8771
4228,8772
4229,8773
4230,8774
4231,8775
4232,8776
4233,8777
4234,8778
4235,8779
4236,8780
4237,8781
4238,8782
4239,8783
4240,8784
4241,8785
4242,8786
4243,8787
4244,8788
4245,8789
4246,8813
4247,8814
4248,8815
4249,8816
4250,8817
4251,8818
4252,8819
4253,8820
4254,8821
4255,8822
4256,8823
4257,8824
4258,8825
4259,8826
4260,8827
4261,8828
4262,8829
4263,8830
4264,8831
4265,8832
4266,8833
4267,8834
4268,8835
4269,8836
4270,8837
4271,8838
4272,8839
4273,8840
4274,8841
4275,8842
4276,8843
4277,8844
4278,8845
4279,8846
4280,8847
4281,8848
4282,8849
4283,8850
4284,8851
4285,8852
4286,8853
4287,8854
4288,8855
4289,8856
4290,8857
4291,8858
4292,8859
4293,8860
4294,8861
4295,8862
4296,8863
4297,8864
4298,8865
4299,8866
4300,8867
4301,8868
4302,8869
4303,8870
4304,8871
4305,8872
4306,8873
4307,8874
4308,8875
4309,8876
4310,8877
4311,8878
4312,8879
4313,8880
4314,8881
4315,8882
4316,8883
4317,8884
4318,8885
4319,8886
4320,8887
4321,8888
4322,8889
4323,8890
4324,8891
4325,8892
4326,8893
4327,8894
4328,8895
4329,8896
4330,8897
4331,8898
4332,8899
4333,8900
4334,8901
4335,8902
4336,8903
4337,8904
4338,8905
4339,8906
4340,8907
4341,8908
4342,8909
4343,8910
4344,8911
4345,8912
4346,8913
4347,8914
4348,8915
4349,8916
4350,8917
4351,8918
4352,8919
4353,8920
4354,8921
4355,8922
4356,8923
4357,8924
4358,8925
4359,8926
4360,8927
4361,8928
4362,8929
4363,8930
4364,8931
4365,8932
4366,8933
4367,8934
4368,8935
4369,8936
4370,8937
4371,8938
4372,8939
4373,8940
4374,8941
4375,8942
4376,8943
4377,8944
4378,8945
4379,8946
4380,8947
4381,8948
4382,8949
4383,8950
4384,8951
4385,8952
4386,8953
4387,8954
4388,8955
4389,8956
4390,8957
4391,8958
4392,8959
4393,8960
4394,8961
4395,8962
4396,8963
4397,8964
4398,8965
4399,8966
4400,8967
4401,8968
4402,8969
4403,8970
4404,8971
4405,9130
4406,9131
4407,9132
4408,9133
4409,9134
4410,9135
4411,9136
4412,9137
4413,9138
4414,9139
4415,9140
4416,9141
4417,9142
4418,9143
4419,9144
4420,9145
4421,9146
4422,9147
4423,9148
4424,9149
4425,9150
4426,9151
4427,9152
4428,9153
4429,9154
4430,9155
4431,9156
4432,9157
4433,9185
4434,9186
4435,9187
4436,9188
4437,9189
4438,9190
4439,9191
4440,9192
4441,9193
4442,9194
4443,9195
4444,9196
4445,9197
4446,9198
4447,9199
4448,9200
4449,9201
4450,9202
4451,9203
4452,9204
4453,9205
4454,9206
4455,9207
4456,9208
4457,9209
4458,9210
4459,9211
4460,9212
4461,9213
4462,9214
4463,9215
4464,9216
4465,9217
4466,9218
4467,9219
4468,9220
4469,9221
4470,9222
4471,9260
4472,9261
4473,9262
4474,9263
4475,9264
4476,9265
4477,9266
4478,9267
4479,9268
4480,9269
4481,9270
4482,9271
4483,9272
4484,9273
4485,9274
4486,9275
4487,9276
4488,9277
4489,9278
4490,9279
4491,9280
4492,9281
4493,9282
4494,9283
4495,9284
4496,9285
4497,9286
4498,9287
4499,9288
4500,9289
4501,9290
4502,9291
4503,9292
4504,9293
4505,9294
4506,9295
4507,9296
4508,9297
4509,9335
4510,9336
4511,9337
4512,9338
4513,9339
4514,9340
4515,9341
4516,9342
4517,9343
4518,9344
4519,9345
4520,9346
4521,9347
4522,9348
4523,9349
4524,9350
4525,9351
4526,9352
4527,9353
4528,9354
4529,9355
4530,9356
4531,9357
4532,9358
4533,9359
4534,9360
4535,9361
4536,9388
4537,9389
4538,9390
4539,9391
4540,9392
4541,9393
4542,9394
4543,9395
4544,9396
4545,9397
4546,9398
4547,9399
4548,9400
4549,9401
4550,9402
4551,9403
4552,9404
4553,9405
4554,9406
4555,9407
4556,9408
4557,9409
4558,9410
4559,9411
4560,9412
4561,9413
4562,9414
4563,9415
4564,9416
4565,9417
4566,9418
4567,9419
4568,9420
4569,9421
4570,9422
4571,9423
4572,9424
4573,9425
4574,9463
4575,9464
4576,9465
4577,9466
4578,9467
4579,9468
4580,9469
4581,9470
4582,9471
4583,9472
4584,9473
4585,9474
4586,9475
4587,9476
4588,9477
4589,9478
4590,9479
4591,9480
4592,9481
4593,9482
4594,9483
4595,9484
4596,9485
4597,9486
4598,9487
4599,9488
4600,9489
4601,9490
4602,9491
4603,9492
4604,9493
4605,9494
4606,9495
4607,9496
4608,9497
4609,9498
4610,9499
4611,9500
4612,9501
4613,9502
4614,9503
4615,9504
4616,9505
4617,9506
4618,9507
4619,9508
4620,9509
4621,9510
4622,9511
4623,9512
4624,9513
4625,9514
4626,9515
4627,9516
4628,9517
4629,9518
4630,9519
4631,9520
4632,9521
4633,9522
4634,9523
4635,9524
4636,9525
4637,9526
4638,9527
4639,9528
4640,9529
4641,9530
4642,9531
4643,9532
4644,9533
4645,9534
4646,9535
4647,9536
4648,9537
4649,9538
4650,9539
4651,9540
4652,9541
4653,9542
4654,9543
4655,9544
4656,9545
4657,9546
4658,9547
4659,9548
4660,9549
4661,9550
4662,9551
4663,9552
4664,9553
4665,9554
4666,9555
4667,9556
4668,9557
4669,9558
4670,9559
4671,9560
4672,9561
4673,9562
4674,9563
4675,9564
4676,9565
4677,9566
4678,9567
4679,9568
4680,9569
4681,9570
4682,9571
4683,9572
4684,9573
4685,9574
4686,9575
4687,9576
4688,9577
4689,9578
4690,9579
4691,9580
4692,9581
4693,9582
4694,9583
4695,9584
4696,9585
4697,9586
4698,9587
4699,9588
4700,9589
4701,9590
4702,9591
4703,9592
4704,9593
4705,9594
4706,9595
4707,9596
4708,9597
4709,9598
4710,9599
4711,9600
4712,9601
4713,9602
4714,9603
4715,9604
4716,9605
4717,9606
4718,9607
4719,9608
4720,9609
4721,9610
4722,9611
4723,9612
4724,9613
4725,9614
4726,9615
4727,9616
4728,9617
4729,9618
4730,9619
4731,9620
4732,9621
4733,9622
4734,9623
4735,9624
4736,9625
4737,9626
4738,9627
4739,9628
4740,9629
4741,9630
4742,9631
4743,9632
4744,9633
4745,9634
4746,9635
4747,9636
4748,9637
4749,9638
4750,9639
4751,9640
4752,9641
4753,9642
4754,9643
4755,9644
4756,9645
4757,9646
4758,9647
4759,9648
4760,9649
4761,9650
4762,9651
4763,9652
4764,9653
4765,9654
4766,9655
4767,9656
4768,9657
4769,9658
4770,9659
4771,9660
4772,9661
4773,9662
4774,9663
4775,9664
4776,9665
4777,9666
4778,9667
4779,9668
4780,9669
4781,9670
4782,9671
4783,9672
4784,9673
4785,9674
4786,9675
4787,9676
4788,9677
4789,9678
4790,9679
4791,9680
4792,9681
4793,9682
4794,9683
4795,9684
4796,9685
4797,9686
4798,9687
4799,9688
4800,9914
4801,9915
4802,9916
4803,9917
4804,9918
4805,9919
4806,9920
4807,9921
4808,9922
4809,9923
4810,9924
4811,9925
4812,9926
4813,9927
4814,9928
4815,9929
4816,9930
4817,9931
4818,9932
4819,9933
4820,9934
4821,9935
4822,9936
4823,9937
4824,9938
4825,9939
4826,9965
4827,9966
4828,9967
4829,9968
4830,9969
4831,9970
4832,9971
4833,9972
4834,9973
4835,9974
4836,9975
4837,9976
4838,9977
4839,9978
4840,9979
4841,9980
4842,9981
4843,9982
4844,9983
4845,9984
4846,9985
4847,9986
4848,9987
4849,9988
4850,9989
4851,9990
4852,9991
4853,9992
4854,10020
4855,10021
4856,10022
4857,10023
4858,10024
4859,10025
4860,10026
4861,10027
4862,10028
4863,10029
4864,10030
4865,10031
4866,10032
4867,10033
4868,10034
4869,10035
4870,10036
4871,10037
4872,10038
4873,10039
4874,10059
4875,10060
4876,10061
4877,10062
4878,10063
4879,10064
4880,10065
4881,10066
4882,10067
4883,10068
4884,10069
4885,10070
4886,10071
4887,10072
4888,10073
4889,10074
4890,10075
4891,10076
4892,10077
4893,10078
4894,10079
4895,10080
4896,10081
4897,10082
4898,10083
4899,10084
4900,10085
4901,10086
4902,10087
4903,10088
4904,10089
4905,10090
4906,10091
4907,10092
4908,10093
4909,10094
4910,10095
4911,10096
4912,10097
4913,10098
4914,10099
4915,10100
4916,10101
4917,10144
4918,10145
4919,10146
4920,10147
4921,10148
4922,10149
4923,10150
4924,10151
4925,10152
4926,10153
4927,10154
4928,10155
4929,10156
4930,10157
4931,10158
4932,10159
4933,10160
4934,10161
4935,10162
4936,10163
4937,10164
4938,10165
4939,10166
4940,10167
4941,10168
4942,10169
4943,10170
4944,10171
4945,10172
4946,10173
4947,10174
4948,10175
4949,10176
4950,10177
4951,10178
4952,10179
4953,10180
4954,10217
4955,10218
4956,10219
4957,10220
4958,10221
4959,10222
4960,10223
4961,10224
4962,10225
4963,10226
4964,10227
4965,10228
4966,10229
4967,10230
4968,10231
4969,10232
4970,10233
4971,10234
4972,10235
4973,10236
4974,10237
4975,10258
4976,10259
4977,10260
4978,10261
4979,10262
4980,10263
4981,10264
4982,10265
4983,10266
4984,10267
4985,10268
4986,10269
4987,10270
4988,10271
4989,10272
4990,10273
4991,10274
4992,10275
4993,10276
4994,10277
4995,10278
4996,10279
4997,10280
4998,10281
4999,10282
5000,10283
5001,10309
5002,10310
5003,10311
5004,10312
5005,10313
5006,10314
5007,10315
5008,10316
5009,10317
5010,10318
5011,10319
5012,10320
5013,10321
5014,10322
5015,10323
5016,10324
5017,10325
5018,10326
5019,10327
5020,10328
5021,10329
5022,10330
5023,10331
5024,10332
5025,10356
5026,10357
5027,10358
5028,10359
5029,10360
5030,10361
5031,10362
5032,10363
5033,10364
5034,10365
5035,10366
5036,10367
5037,10368
5038,10369
5039,10370
5040,10371
5041,10372
5042,10373
5043,10374
5044,10375
5045,10376
5046,10377
5047,10378
5048,10379
5049,10380
5050,10381
5051,10407
5052,10408
5053,10409
5054,10410
5055,10411
5056,10412
5057,10413
5058,10414
5059,10415
5060,10416
5061,10417
5062,10418
5063,10419
5064,10420
5065,10421
5066,10422
5067,10423
5068,10424
5069,10425
5070,10426
5071,10427
5072,10428
5073,10429
5074,10430
5075,10431
5076,10456
5077,10457
5078,10458
5079,10459
5080,10460
5081,10461
5082,10462
5083,10463
5084,10464
5085,10465
5086,10466
5087,10467
5088,10468
5089,10469
5090,10470
5091,10471
5092,10472
5093,10473
5094,10474
5095,10475
5096,10476
5097,10477
5098,10478
5099,10479
5100,10480
5101,10481
5102,10482
5103,10483
5104,10484
5105,10485
5106,10486
5107,10487
5108,10488
5109,10489
5110,10490
5111,10491
5112,10492
5113,10493
5114,10494
5115,10495
5116,10496
5117,10497
5118,10498
5119,10541
5120,10542
5121,10543
5122,10544
5123,10545
5124,10546
5125,10547
5126,10548
5127,10549
5128,10550
5129,10551
5130,10552
5131,10553
5132,10554
5133,10555
5134,10556
5135,10557
5136,10558
5137,10559
5138,10560
5139,10561
5140,10562
5141,10563
5142,10564
5143,10565
5144,10566
5145,10567
5146,10568
5147,10569
5148,10570
5149,10571
5150,10572
5151,10573
5152,10574
5153,10575
5154,10576
5155,10577
5156,10614
5157,10615
5158,10616
5159,10617
5160,10618
5161,10619
5162,10620
5163,10621
5164,10622
5165,10623
5166,10624
5167,10625
5168,10626
5169,10627
5170,10628
5171,10629
5172,10630
5173,10631
5174,10632
5175,10633
5176,10634
5177,10635
5178,10636
5179,10637
5180,10661
5181,10662
5182,10663
5183,10664
5184,10665
5185,10666
5186,10667
5187,10668
5188,10669
5189,10670
5190,10671
5191,10672
5192,10673
5193,10674
5194,10675
5195,10676
5196,10677
5197,10678
5198,10679
5199,10680
5200,10681
5201,10682
5202,10683
5203,10684
5204,10685
5205,10686
5206,10687
5207,10688
5208,10689
5209,10690
5210,10691
5211,10692
5212,10693
5213,10694
5214,10695
5215,10696
5216,10697
5217,10698
5218,10699
5219,10700
5220,10701
5221,10702
5222,10703
5223,10704
5224,10705
5225,10706
5226,10707
5227,10708
5228,10709
5229,10710
5230,10711
5231,10712
5232,10713
5233,10714
5234,10715
5235,10716
5236,10717
5237,10718
5238,10719
5239,10720
5240,10721
5241,10722
5242,10723
5243,10724
5244,10725
5245,10726
5246,10727
5247,10728
5248,10729
5249,10730
5250,10731
5251,10732
5252,10733
5253,10734
5254,10735
5255,10736
5256,10737
5257,10738
5258,10739
5259,10740
5260,10741
5261,10742
5262,10743
5263,10744
5264,10745
5265,10746
5266,10747
5267,10748
5268,10749
5269,10750
5270,10751
5271,10752
5272,10753
5273,10754
5274,10755
5275,10756
5276,10757
5277,10758
5278,10759
5279,10760
5280,10761
5281,10762
5282,10763
5283,10764
5284,10765
5285,10766
5286,10767
5287,10768
5288,10769
5289,10770
5290,10880
5291,10881
5292,10882
5293,10883
5294,10884
5295,10885
5296,10886
5297,10887
5298,10888
5299,10889
5300,10890
5301,10891
5302,10892
5303,10893
5304,10894
5305,10895
5306,10896
5307,10897
5308,10898
5309,10899
5310,10900
5311,10901
5312,10902
5313,10903
5314,10927
5315,10928
5316,10929
5317,10930
5318,10931
5319,10932
5320,10933
5321,10934
5322,10935
5323,10936
5324,10937
5325,10938
5326,10939
5327,10940
5328,10941
5329,10942
5330,10943
5331,10944
5332,10945
5333,10946
5334,10947
5335,10948
5336,10949
5337,10950
5338,10951
5339,10952
5340,10953
5341,10954
5342,10955
5343,10956
5344,10957
5345,10958
5346,10959
5347,10960
5348,10961
5349,10962
5350,10963
5351,10964
5352,10965
5353,10966
5354,10967
5355,10968
5356,10969
5357,10970
5358,10971
5359,10972
5360,10973
5361,10974
5362,10975
5363,10976
5364,10977
5365,10978
5366,10979
5367,10980
5368,10981
5369,10982
5370,10983
5371,10984
5372,10985
5373,10986
5374,10987
5375,10988
5376,10989
5377,10990
5378,10991
5379,10992
5380,10993
5381,10994
5382,10995
5383,10996
5384,10997
5385,10998
5386,10999
5387,11000
5388,11001
5389,11002
5390,11003
5391,11004
5392,11005
5393,11006
5394,11007
5395,11008
5396,11009
5397,11010
5398,11011
5399,11012
5400,11013
5401,11014
5402,11015
5403,11016
5404,11017
5405,11018
5406,11019
5407,11020
5408,11021
5409,11022
5410,11023
5411,11024
5412,11025
5413,11026
5414,11027
5415,11028
5416,11029
5417,11030
5418,11031
5419,11032
5420,11033
5421,11034
5422,11035
5423,11036
5424,11146
5425,11147
5426,11148
5427,11149
5428,11150
5429,11151
5430,11152
5431,11153
5432,11154
5433,11155
5434,11156
5435,11157
5436,11158
5437,11159
5438,11160
5439,11161
5440,11162
5441,11163
5442,11164
5443,11165
5444,11166
5445,11167
5446,11168
5447,11169
5448,11193
5449,11194
5450,11195
5451,11196
5452,11197
5453,11198
5454,11199
5455,11200
5456,11201
5457,11202
5458,11203
5459,11204
5460,11205
5461,11206
5462,11207
5463,11208
5464,11209
5465,11210
5466,11211
5467,11212
5468,11213
5469,11214
5470,11215
5471,11216
5472,11217
5473,11218
5474,11219
5475,11220
5476,11221
5477,11222
5478,11223
5479,11224
5480,11225
5481,11226
5482,11227
5483,11228
5484,11229
5485,11230
5486,11231
5487,11232
5488,11233
5489,11234
5490,11235
5491,11236
5492,11280
5493,11281
5494,11282
5495,11283
5496,11284
5497,11285
5498,11286
5499,11287
5500,11288
5501,11289
5502,11290
5503,11291
5504,11292
5505,11293
5506,11294
5507,11295
5508,11296
5509,11297
5510,11315
5511,11316
5512,11317
5513,11318
5514,11319
5515,11320
5516,11321
5517,11322
5518,11323
5519,11324
5520,11325
5521,11326
5522,11327
5523,11328
5524,11329
5525,11330
5526,11331
5527,11332
5528,11333
5529,11334
5530,11335
5531,11356
5532,11357
5533,11358
5534,11359
5535,11360
5536,11361
5537,11362
5538,11363
5539,11364
5540,11365
5541,11366
5542,11367
5543,11368
5544,11369
5545,11370
5546,11371
5547,11372
5548,11373
5549,11374
5550,11375
5551,11376
5552,11377
5553,11378
5554,11379
5555,11380
5556,11405
5557,11406
5558,11407
5559,11408
5560,11409
5561,11410
5562,11411
5563,11412
5564,11413
5565,11414
5566,11415
5567,11416
5568,11417
5569,11418
5570,11419
5571,11420
5572,11421
5573,11422
5574,11423
5575,11424
5576,11444
5577,11445
5578,11446
5579,11447
5580,11448
5581,11449
5582,11450
5583,11451
5584,11452
5585,11453
5586,11454
5587,11455
5588,11456
5589,11457
5590,11458
5591,11459
5592,11460
5593,11461
5594,11462
5595,11463
5596,11464
5597,11465
5598,11466
5599,11467
5600,11468
5601,11493
5602,11494
5603,11495
5604,11496
5605,11497
5606,11498
5607,11499
5608,11500
5609,11501
5610,11502
5611,11503
5612,11504
5613,11505
5614,11506
5615,11507
5616,11508
5617,11509
5618,11510
5619,11511
5620,11512
5621,11513
5622,11514
5623,11515
5624,11516
5625,11540
5626,11541
5627,11542
5628,11543
5629,11544
5630,11545
5631,11546
5632,11547
5633,11548
5634,11549
5635,11550
5636,11551
5637,11552
5638,11553
5639,11554
5640,11555
5641,11556
5642,11557
5643,11558
5644,11559
5645,11579
5646,11580
5647,11581
5648,11582
5649,11583
5650,11584
5651,11585
5652,11586
5653,11587
5654,11588
5655,11589
5656,11590
5657,11591
5658,11592
5659,11593
5660,11594
5661,11595
5662,11596
5663,11597
5664,11598
5665,11618
5666,11619
5667,11620
5668,11621
5669,11622
5670,11623
5671,11624
5672,11625
5673,11626
5674,11627
5675,11628
5676,11629
5677,11630
5678,11631
5679,11632
5680,11633
5681,11634
5682,11635
5683,11636
5684,11637
5685,11657
5686,11658
5687,11659
5688,11660
5689,11661
5690,11662
5691,11663
5692,11664
5693,11665
5694,11666
5695,11667
5696,11668
5697,11669
5698,11670
5699,11671
5700,11672
5701,11673
5702,11674
5703,11675
5704,11676
5705,11677
5706,11698
5707,11699
5708,11700
5709,11701
5710,11702
5711,11703
5712,11704
5713,11705
5714,11706
5715,11707
5716,11708
5717,11709
5718,11710
5719,11711
5720,11712
5721,11713
5722,11714
5723,11715
5724,11716
5725,11717
5726,11718
5727,11719
5728,11720
5729,11721
5730,11722
5731,11723
5732,11724
5733,11725
5734,11726
5735,11727
5736,11728
5737,11729
5738,11730
5739,11731
5740,11732
5741,11733
5742,11769
5743,11770
5744,11771
5745,11772
5746,11773
5747,11774
5748,11775
5749,11776
5750,11777
5751,11778
5752,11779
5753,11780
5754,11781
5755,11782
5756,11783
5757,11784
5758,11785
5759,11786
5760,11787
5761,11788
5762,11789
5763,11810
5764,11811
5765,11812
5766,11813
5767,11814
5768,11815
5769,11816
5770,11817
5771,11818
5772,11819
5773,11820
5774,11821
5775,11822
5776,11823
5777,11824
5778,11825
5779,11826
5780,11827
5781,11828
5782,11829
5783,11830
5784,11831
5785,11832
5786,11833
5787,11834
5788,11835
5789,11836
5790,11837
5791,11838
5792,11839
5793,11840
5794,11841
5795,11842
5796,11843
5797,11844
5798,11845
5799,11846
5800,11847
5801,11848
5802,11849
5803,11850
5804,11851
5805,11852
5806,11853
5807,11854
5808,11855
5809,11901
5810,11902
5811,11903
5812,11904
5813,11905
5814,11906
5815,11907
5816,11908
5817,11909
5818,11910
5819,11911
5820,11912
5821,11913
5822,11914
5823,11915
5824,11916
5825,11917
5826,11918
5827,11919
5828,11920
5829,11921
5830,11922
5831,11923
5832,11924
5833,11925
5834,11926
5835,11927
5836,11954
5837,11955
5838,11956
5839,11957
5840,11958
5841,11959
5842,11960
5843,11961
5844,11962
5845,11963
5846,11964
5847,11965
5848,11966
5849,11967
5850,11968
5851,11969
5852,11970
5853,11971
5854,11972
5855,11973
5856,11974
5857,11975
5858,11976
5859,11977
5860,11978
5861,11979
5862,11980
5863,11981
5864,11982
5865,11983
5866,11984
5867,11985
5868,11986
5869,11987
5870,11988
5871,11989
5872,11990
5873,11991
5874,11992
5875,11993
5876,11994
5877,11995
5878,11996
5879,11997
5880,11998
5881,11999
5882,12000
5883,12001
5884,12002
5885,12003
5886,12004
5887,12005
5888,12006
5889,12007
5890,12008
5891,12009
5892,12010
5893,12011
5894,12012
5895,12013
5896,12014
5897,12015
5898,12016
5899,12017
5900,12018
5901,12019
5902,12020
5903,12021
5904,12022
5905,12023
5906,12024
5907,12025
5908,12026
5909,12027
5910,12028
5911,12029
5912,12030
5913,12031
5914,12032
5915,12033
5916,12034
5917,12035
5918,12036
5919,12037
5920,12038
5921,12039
5922,12040
5923,12041
5924,12042
5925,12043
5926,12044
5927,12045
5928,12046
5929,12047
5930,12048
5931,12049
5932,12050
5933,12051
5934,12052
5935,12053
5936,12054
5937,12055
5938,12056
5939,12057
5940,12058
5941,12059
5942,12060
5943,12061
5944,12062
5945,12063
5946,12173
5947,12174
5948,12175
5949,12176
5950,12177
5951,12178
5952,12179
5953,12180
5954,12181
5955,12182
5956,12183
5957,12184
5958,12185
5959,12186
5960,12187
5961,12188
5962,12189
5963,12190
5964,12191
5965,12192
5966,12193
5967,12194
5968,12195
5969,12218
5970,12219
5971,12220
5972,12221
5973,12222
5974,12223
5975,12224
5976,12225
5977,12226
5978,12227
5979,12228
5980,12229
5981,12230
5982,12231
5983,12232
5984,12233
5985,12234
5986,12235
5987,12236
5988,12237
5989,12238
5990,12239
5991,12240
5992,12241
5993,12242
5994,12243
5995,12244
5996,12245
5997,12246
5998,12247
5999,12248
6000,12249
6001,12250
6002,12251
6003,12252
6004,12253
6005,12254
6006,12255
6007,12256
6008,12257
6009,12258
6010,12259
6011,12260
6012,12261
6013,12262
6014,12263
6015,12264
6016,12265
6017,12266
6018,12267
6019,12268
6020,12269
6021,12270
6022,12271
6023,12272
6024,12273
6025,12274
6026,12275
6027,12276
6028,12277
6029,12278
6030,12279
6031,12280
6032,12281
6033,12282
6034,12283
6035,12284
6036,12285
6037,12286
6038,12287
6039,12288
6040,12289
6041,12290
6042,12291
6043,12292
6044,12293
6045,12294
6046,12295
6047,12296
6048,12297
6049,12298
6050,12299
6051,12300
6052,12301
6053,12302
6054,12303
6055,12304
6056,12305
6057,12306
6058,12307
6059,12308
6060,12309
6061,12310
6062,12311
6063,12312
6064,12313
6065,12314
6066,12315
6067,12316
6068,12317
6069,12318
6070,12319
6071,12320
6072,12321
6073,12322
6074,12323
6075,12324
6076,12325
6077,12326
6078,12327
6079,12437
6080,12438
6081,12439
6082,12440
6083,12441
6084,12442
6085,12443
6086,12444
6087,12445
6088,12446
6089,12447
6090,12448
6091,12449
6092,12450
6093,12451
6094,12452
6095,12453
6096,12454
6097,12455
6098,12456
6099,12457
6100,12458
6101,12459
6102,12482
6103,12483
6104,12484
6105,12485
6106,12486
6107,12487
6108,12488
6109,12489
6110,12490
6111,12491
6112,12492
6113,12493
6114,12494
6115,12495
6116,12496
6117,12497
6118,12498
6119,12499
6120,12500
6121,12501
6122,12502
6123,12503
6124,12504
6125,12505
6126,12506
6127,12507
6128,12508
6129,12509
6130,12510
6131,12511
6132,12512
6133,12513
6134,12514
6135,12515
6136,12516
6137,12517
6138,12518
6139,12519
6140,12520
6141,12521
6142,12522
6143,12523
6144,12524
6145,12525
6146,12526
6147,12527
6148,12528
6149,12529
6150,12530
6151,12531
6152,12532
6153,12533
6154,12534
6155,12535
6156,12536
6157,12537
6158,12538
6159,12539
6160,12540
6161,12541
6162,12542
6163,12543
6164,12544
6165,12545
6166,12546
6167,12547
6168,12548
6169,12549
6170,12550
6171,12551
6172,12552
6173,12553
6174,12554
6175,12555
6176,12556
6177,12557
6178,12558
6179,12559
6180,12560
6181,12561
6182,12562
6183,12563
6184,12564
6185,12565
6186,12566
6187,12567
6188,12568
6189,12569
6190,12570
6191,12571
6192,12572
6193,12573
6194,12574
6195,12575
6196,12576
6197,12577
6198,12578
6199,12579
6200,12580
6201,12581
6202,12582
6203,12583
6204,12584
6205,12585
6206,12586
6207,12587
6208,12588
6209,12589
6210,12590
6211,12591
6212,12592
6213,12593
6214,12594
6215,12595
6216,12596
6217,12597
6218,12598
6219,12599
6220,12600
6221,12601
6222,12602
6223,12603
6224,12604
6225,12605
6226,12606
6227,12607
6228,12608
6229,12609
6230,12610
6231,12611
6232,12612
6233,12613
6234,12614
6235,12615
6236,12616
6237,12617
6238,12618
6239,12619
6240,12620
6241,12621
6242,12622
6243,12623
6244,12624
6245,12625
6246,12626
6247,12627
6248,12628
6249,12629
6250,12630
6251,12631
6252,12632
6253,12633
6254,12634
6255,12635
6256,12636
6257,12637
6258,12638
6259,12639
6260,12640
6261,12641
6262,12642
6263,12643
6264,12644
6265,12645
6266,12646
6267,12647
6268,12648
6269,12649
6270,12650
6271,12651
6272,12652
6273,12653
6274,12654
6275,12655
6276,12656
6277,12657
6278,12658
6279,12659
6280,12660
6281,12661
6282,12662
6283,12663
6284,12664
6285,12665
6286,12666
6287,12667
6288,12668
6289,12669
6290,12670
6291,12671
6292,12672
6293,12673
6294,12674
6295,12675
6296,12676
6297,12677
6298,12678
6299,12679
6300,12680
6301,12681
6302,12682
6303,12683
6304,12684
6305,12685
6306,12686
6307,12687
6308,12688
6309,12689
6310,12690
6311,12691
6312,12692
6313,12693
6314,12694
6315,12695
6316,12696
6317,12697
6318,12698
6319,12699
6320,12700
6321,12701
6322,12702
6323,12703
6324,12704
6325,12705
6326,12706
6327,12707
6328,12708
6329,12709
6330,12710
6331,12711
6332,12712
6333,12713
6334,12714
6335,12715
6336,12716
6337,12717
6338,12718
6339,12719
6340,12720
6341,12721
6342,12722
6343,12723
6344,12724
6345,12725
6346,12726
6347,12727
6348,12728
6349,12729
6350,12730
6351,12731
6352,12732
6353,12733
6354,12734
6355,12735
6356,12736
6357,12737
6358,12738
6359,12739
6360,12740
6361,12741
6362,12742
6363,12743
6364,12744
6365,12745
6366,12746
6367,12747
6368,12748
6369,12749
6370,12750
6371,12751
6372,12752
6373,12753
6374,12754
6375,12755
6376,12756
6377,12757
6378,12758
6379,12759
6380,12760
6381,12761
6382,12762
6383,12763
6384,12764
6385,12765
6386,12766
6387,12767
6388,12768
6389,12769
6390,12770
6391,12771
6392,12772
6393,12773
6394,12774
6395,12775
6396,12776
6397,12777
6398,12778
6399,12779
6400,12780
6401,12781
6402,12782
6403,12783
6404,12784
6405,12785
6406,12786
6407,12787
6408,12788
6409,12789
6410,12790
6411,12791
6412,13101
6413,13102
6414,13103
6415,13104
6416,13105
6417,13106
6418,13107
6419,13108
6420,13109
6421,13110
6422,13111
6423,13112
6424,13113
6425,13114
6426,13115
6427,13116
6428,13117
6429,13118
6430,13119
6431,13120
6432,13121
6433,13122
6434,13123
6435,13124
6436,13125
6437,13150
6438,13151
6439,13152
6440,13153
6441,13154
6442,13155
6443,13156
6444,13157
6445,13158
6446,13159
6447,13160
6448,13161
6449,13162
6450,13163
6451,13164
6452,13165
6453,13166
6454,13167
6455,13168
6456,13187
6457,13188
6458,13189
6459,13190
6460,13191
6461,13192
6462,13193
6463,13194
6464,13195
6465,13196
6466,13197
6467,13198
6468,13199
6469,13200
6470,13201
6471,13202
6472,13203
6473,13204
6474,13205
6475,13206
6476,13207
6477,13208
6478,13209
6479,13210
6480,13211
6481,13212
6482,13238
6483,13239
6484,13240
6485,13241
6486,13242
6487,13243
6488,13244
6489,13245
6490,13246
6491,13247
6492,13248
6493,13249
6494,13250
6495,13251
6496,13252
6497,13253
6498,13254
6499,13255
6500,13256
6501,13257
6502,13258
6503,13259
6504,13260
6505,13261
6506,13285
6507,13286
6508,13287
6509,13288
6510,13289
6511,13290
6512,13291
6513,13292
6514,13293
6515,13294
6516,13295
6517,13296
6518,13297
6519,13298
6520,13299
6521,13300
6522,13301
6523,13302
6524,13303
6525,13304
6526,13305
6527,13306
6528,13307
6529,13308
6530,13309
6531,13310
6532,13311
6533,13312
6534,13313
6535,13314
6536,13315
6537,13316
6538,13317
6539,13318
6540,13319
6541,13320
6542,13321
6543,13322
6544,13323
6545,13324
6546,13325
6547,13326
6548,13327
6549,13328
6550,13329
6551,13330
6552,13331
6553,13332
6554,13333
6555,13334
6556,13335
6557,13336
6558,13337
6559,13338
6560,13339
6561,13340
6562,13341
6563,13342
6564,13343
6565,13344
6566,13345
6567,13346
6568,13347
6569,13348
6570,13349
6571,13350
6572,13351
6573,13352
6574,13353
6575,13354
6576,13355
6577,13356
6578,13357
6579,13358
6580,13359
6581,13360
6582,13361
6583,13362
6584,13363
6585,13364
6586,13365
6587,13366
6588,13367
6589,13368
6590,13369
6591,13370
6592,13371
6593,13372
6594,13373
6595,13374
6596,13375
6597,13376
6598,13377
6599,13378
6600,13379
6601,13380
6602,13381
6603,13382
6604,13383
6605,13384
6606,13385
6607,13386
6608,13387
6609,13388
6610,13389
6611,13390
6612,13391
6613,13392
6614,13393
6615,13394
6616,13395
6617,13396
6618,13397
6619,13398
6620,13399
6621,13400
6622,13401
6623,13402
6624,13403
6625,13404
6626,13405
6627,13406
6628,13407
6629,13408
6630,13409
6631,13410
6632,13411
6633,13412
6634,13413
6635,13414
6636,13415
6637,13416
6638,13417
6639,13418
6640,13419
6641,13420
6642,13421
6643,13422
6644,13423
6645,13424
6646,13425
6647,13426
6648,13427
6649,13428
6650,13429
6651,13430
6652,13431
6653,13432
6654,13433
6655,13434
6656,13435
6657,13436
6658,13437
6659,13438
6660,13439
6661,13440
6662,13441
6663,13442
6664,13443
6665,13602
6666,13603
6667,13604
6668,13605
6669,13606
6670,13607
6671,13608
6672,13609
6673,13610
6674,13611
6675,13612
6676,13613
6677,13614
6678,13615
6679,13616
6680,13617
6681,13618
6682,13619
6683,13620
6684,13621
6685,13622
6686,13643
6687,13644
6688,13645
6689,13646
6690,13647
6691,13648
6692,13649
6693,13650
6694,13651
6695,13652
6696,13653
6697,13654
6698,13655
6699,13656
6700,13657
6701,13658
6702,13659
6703,13660
6704,13661
6705,13662
6706,13663
6707,13664
6708,13665
6709,13666
6710,13667
6711,13668
6712,13669
6713,13670
6714,13671
6715,13672
6716,13673
6717,13674
6718,13675
6719,13676
6720,13677
6721,13678
6722,13679
6723,13680
6724,13681
6725,13682
6726,13683
6727,13684
6728,13685
6729,13686
6730,13687
6731,13688
6732,13689
6733,13690
6734,13691
6735,13692
6736,13693
6737,13694
6738,13695
6739,13748
6740,13749
6741,13750
6742,13751
6743,13752
6744,13753
6745,13754
6746,13755
6747,13756
6748,13757
6749,13758
6750,13759
6751,13760
6752,13761
6753,13762
6754,13763
6755,13764
6756,13765
6757,13766
6758,13767
6759,13768
6760,13769
6761,13770
6762,13771
6763,13772
6764,13773
6765,13774
